{
  "version": "amw-risk-0.1.0",
  "has_model": true,
  "seeds": {
    "train": 1337,
    "heldout": 11310
  },
  "overall": {
    "n": 1208,
    "n_scam": 583,
    "n_benign": 625,
    "n_obfuscated": 733
  },
  "model_metrics": {
    "auroc": 0.9998682675814752,
    "ap": 0.9998695201876735,
    "f1": 0.9380530973451328,
    "acc": 0.9362582781456954,
    "brier": 0.03330122142019784,
    "recall": 1.0,
    "ece": 0.046854212213356776
  },
  "teacher_metrics": {
    "auroc": 0.9618401372212693,
    "ap": 0.9592733929204116,
    "f1": 0.665903890160183,
    "acc": 0.7582781456953642,
    "brier": 0.1524237582781457,
    "recall": 0.49914236706689535,
    "ece": 0.21914735099337748
  },
  "slices": {
    "all": {
      "n": 1208,
      "n_scam": 583,
      "model": {
        "auroc": 0.9998682675814752,
        "ap": 0.9998695201876735,
        "f1": 0.9380530973451328,
        "acc": 0.9362582781456954,
        "brier": 0.03330122142019784,
        "recall": 1.0
      },
      "teacher": {
        "auroc": 0.9618401372212693,
        "ap": 0.9592733929204116,
        "f1": 0.665903890160183,
        "acc": 0.7582781456953642,
        "brier": 0.1524237582781457,
        "recall": 0.49914236706689535
      },
      "delta": {
        "auroc": 0.038028130360205914,
        "ap": 0.04059612726726192,
        "f1": 0.2721492071849497,
        "acc": 0.17798013245033117,
        "brier": -0.11912253685794785,
        "recall": 0.5008576329331047
      }
    },
    "clean": {
      "n": 475,
      "n_scam": 128,
      "model": {
        "auroc": 1.0,
        "ap": 1.0,
        "f1": 0.861952861952862,
        "acc": 0.9136842105263158,
        "brier": 0.04665365563928566,
        "recall": 1.0
      },
      "teacher": {
        "auroc": 0.9650126080691642,
        "ap": 0.9238341801171749,
        "f1": 0.700507614213198,
        "acc": 0.8757894736842106,
        "brier": 0.09016273684210525,
        "recall": 0.5390625
      },
      "delta": {
        "auroc": 0.034987391930835776,
        "ap": 0.07616581988282511,
        "f1": 0.16144524773966407,
        "acc": 0.0378947368421052,
        "brier": -0.04350908120281959,
        "recall": 0.4609375
      }
    },
    "obfuscated": {
      "n": 733,
      "n_scam": 455,
      "model": {
        "auroc": 0.9998497904972725,
        "ap": 0.9999119024435479,
        "f1": 0.9619450317124736,
        "acc": 0.9508867667121419,
        "brier": 0.02464855258791038,
        "recall": 1.0
      },
      "teacher": {
        "auroc": 0.9583089572298206,
        "ap": 0.9727286850352788,
        "f1": 0.6558345642540621,
        "acc": 0.6821282401091405,
        "brier": 0.19277025920873128,
        "recall": 0.4879120879120879
      },
      "delta": {
        "auroc": 0.04154083326745195,
        "ap": 0.027183217408269122,
        "f1": 0.30611046745841153,
        "acc": 0.26875852660300137,
        "brier": -0.1681217066208209,
        "recall": 0.512087912087912
      }
    }
  },
  "operating_points": {
    "model": {
      "recall_at_fpr": {
        "target_fpr": 0.1,
        "threshold": 0.6234782933242754,
        "recall": 1.0,
        "fpr": 0.1008
      },
      "bands": {
        "medium": {
          "cut": 40.0,
          "recall": 1.0,
          "fpr": 0.1264
        },
        "high": {
          "cut": 65.0,
          "recall": 1.0,
          "fpr": 0.0896
        },
        "critical": {
          "cut": 88.0,
          "recall": 0.9982847341337907,
          "fpr": 0.0032
        }
      }
    },
    "teacher": {
      "recall_at_fpr": {
        "target_fpr": 0.1,
        "threshold": 0.25,
        "recall": 0.8301886792452831,
        "fpr": 0.128
      },
      "bands": {
        "medium": {
          "cut": 40.0,
          "recall": 0.6620926243567753,
          "fpr": 0.024
        },
        "high": {
          "cut": 65.0,
          "recall": 0.2915951972555746,
          "fpr": 0.0
        },
        "critical": {
          "cut": 88.0,
          "recall": 0.003430531732418525,
          "fpr": 0.0
        }
      }
    }
  },
  "dim_metrics": {
    "profit": {
      "mae": 0.03233443708609272,
      "corr": 0.9878922223141374
    },
    "urgency": {
      "mae": 0.022607615894039736,
      "corr": 0.979064950751693
    },
    "gambling": {
      "mae": 0.014230132450331124,
      "corr": 0.9962487521779846
    },
    "referral": {
      "mae": 0.01829470198675497,
      "corr": 0.957589995989032
    },
    "messenger": {
      "mae": 0.02308774834437086,
      "corr": 0.9935982889453432
    },
    "visual": {
      "mae": 0.008965231788079469,
      "corr": 0.9856706008247307
    },
    "reused": {
      "mae": 0.004544701986754967,
      "corr": 0.973265350603957
    },
    "hashtags": {
      "mae": 0.01310430463576159,
      "corr": 0.997447309195077
    }
  },
  "category_accuracy": 0.9850993377483444,
  "calibration": {
    "temperature": 0.2500470187689324,
    "method": "temperature",
    "teacher_ece": 0.21914735099337748,
    "model_ece": 0.046854212213356776,
    "reliability_bins": [
      {
        "lo": 0.0,
        "hi": 0.06666666666666667,
        "n": 544,
        "conf": 0.0002610201917867699,
        "acc": 0.0
      },
      {
        "lo": 0.06666666666666667,
        "hi": 0.13333333333333333,
        "n": 1,
        "conf": 0.1200204551634457,
        "acc": 0.0
      },
      {
        "lo": 0.13333333333333333,
        "hi": 0.2,
        "n": 0,
        "conf": 0.0,
        "acc": 0.0
      },
      {
        "lo": 0.2,
        "hi": 0.26666666666666666,
        "n": 0,
        "conf": 0.0,
        "acc": 0.0
      },
      {
        "lo": 0.26666666666666666,
        "hi": 0.3333333333333333,
        "n": 0,
        "conf": 0.0,
        "acc": 0.0
      },
      {
        "lo": 0.3333333333333333,
        "hi": 0.4,
        "n": 1,
        "conf": 0.38177830990258926,
        "acc": 0.0
      },
      {
        "lo": 0.4,
        "hi": 0.4666666666666667,
        "n": 1,
        "conf": 0.45790918531233527,
        "acc": 0.0
      },
      {
        "lo": 0.4666666666666667,
        "hi": 0.5333333333333333,
        "n": 3,
        "conf": 0.5055603161927013,
        "acc": 0.0
      },
      {
        "lo": 0.5333333333333333,
        "hi": 0.6,
        "n": 4,
        "conf": 0.5553687596555041,
        "acc": 0.0
      },
      {
        "lo": 0.6,
        "hi": 0.6666666666666666,
        "n": 17,
        "conf": 0.6276801678870598,
        "acc": 0.0
      },
      {
        "lo": 0.6666666666666666,
        "hi": 0.7333333333333333,
        "n": 25,
        "conf": 0.6991487883950372,
        "acc": 0.03999999910593033
      },
      {
        "lo": 0.7333333333333333,
        "hi": 0.8,
        "n": 17,
        "conf": 0.7697569840836105,
        "acc": 0.0
      },
      {
        "lo": 0.8,
        "hi": 0.8666666666666667,
        "n": 10,
        "conf": 0.8264045509051193,
        "acc": 0.0
      },
      {
        "lo": 0.8666666666666667,
        "hi": 0.9333333333333333,
        "n": 3,
        "conf": 0.8939038832901071,
        "acc": 0.0
      },
      {
        "lo": 0.9333333333333333,
        "hi": 1.0,
        "n": 582,
        "conf": 0.9990049467705745,
        "acc": 1.0
      }
    ],
    "uncertainty_audit": {
      "band": [
        0.4,
        0.6
      ],
      "frac_inside": 0.006622516556291391,
      "err_inside": 0.75,
      "err_outside": 0.059166666666666666
    }
  },
  "agreement": {
    "model_vs_truth": 0.9362582781456954,
    "teacher_vs_truth": 0.7582781456953642,
    "model_vs_teacher": 0.6945364238410596
  }
}